Workbook

Sheet Transactions
A1: Date | B1: Category | C1: Type | D1: Amount
A2: 45901 | B2: Rent | C2: Housing | D2: 3000
A3: 45901 | B3: Food | C3: Needs | D3: 68.34
A4: 45901 | B4: Transport | C4: Needs | D4: 41.22
A5: 45901 | B5: Health | C5: Needs | D5: 155.48
A6: 45901 | B6: Education | C6: Wants | D6: 209.32
A7: 45902 | B7: Food | C7: Needs | D7: 51.77
A8: 45902 | B8: Transport | C8: Needs | D8: 38.33
A9: 45902 | B9: Shopping | C9: Wants | D9: 335.71
A10: 45902 | B10: Education | C10: Wants | D10: 502.91
A11: 45903 | B11: Transport | C11: Needs | D11: 21.85
A12: 45903 | B12: Health | C12: Needs | D12: 74.18
A13: 45905 | B13: Utilities | C13: Needs | D13: 209.16
... A726: 46255 | B726: Health | C726: Needs | D726: 103.68
C727: Total | D727: =SUM(D2:D726) -> 135220.24

Sheet Monthly Summary
A1: Category | B1: 2025-09 | C1: 2025-10 | D1: 2025-11 | E1: 2025-12 | F1: 2026-01 | G1: 2026-02 | H1: 2026-03 | I1: 2026-04 | J1: 2026-05 | K1: 2026-06 | L1: 2026-07 | M1: 2026-08
A2: Food | B2: =SUMIFS(Transactions!$D$2:$D$726,Transactions!$B$2:$B$726,$A2,Transactions!$A$2:$A$726,">="&DATE(2025,9,1),Transactions!$A$2:$A$726,"<"&EDATE(DATE(2025,9,1),1)) -> 1596.13 | C2: =SUMIFS(Transactions!$D$2:$D$726,Transactions!$B$2:$B$726,$A2,Transactions!$A$2:$A$726,">="&DATE(2025,10,1),Transactions!$A$2:$A$726,"<"&EDATE(DATE(2025,10,1),1)) -> 1057.31 | D2: =SUMIFS(Transactions!$D$2:$D$726,Transactions!$B$2:$B$726,$A2,Transactions!$A$2:$A$726,">="&DATE(2025,11,1),Transactions!$A$2:$A$726,"<"&EDATE(DATE(2025,11,1),1)) -> 1310.5 | E2: =SUMIFS(Transactions!$D$2:$D$726,Transactions!$B$2:$B$726,$A2,Transactions!$A$2:$A$726,">="&DATE(2025,12,1),Transactions!$A$2:$A$726,"<"&EDATE(DATE(2025,12,1),1)) -> 1500.42 | F2: =SUMIFS(Transactions!$D$2:$D$726,Transactions!$B$2:$B$726,$A2,Transactions!$A$2:$A$726,">="&DATE(2026,1,1),Transactions!$A$2:$A$726,"<"&EDATE(DATE(2026,1,1),1)) -> 1373.78 | G2: =SUMIFS(Transactions!$D$2:$D$726,Transactions!$B$2:$B$726,$A2,Transactions!$A$2:$A$726,">="&DATE(2026,2,1),Transactions!$A$2:$A$726,"<"&EDATE(DATE(2026,2,1),1)) -> 957.7 | H2: =SUMIFS(Transactions!$D$2:$D$726,Transactions!$B$2:$B$726,$A2,Transactions!$A$2:$A$726,">="&DATE(2026,3,1),Transactions!$A$2:$A$726,"<"&EDATE(DATE(2026,3,1),1)) -> 1111.83 | I2: =SUMIFS(Transactions!$D$2:$D$726,Transactions!$B$2:$B$726,$A2,Transactions!$A$2:$A$726,">="&DATE(2026,4,1),Transactions!$A$2:$A$726,"<"&EDATE(DATE(2026,4,1),1)) -> 1416.8 | J2: =SUMIFS(Transactions!$D$2:$D$726,Transactions!$B$2:$B$726,$A2,Transactions!$A$2:$A$726,">="&DATE(2026,5,1),Transactions!$A$2:$A$726,"<"&EDATE(DATE(2026,5,1),1)) -> 1425.49 | K2: =SUMIFS(Transactions!$D$2:$D$726,Transactions!$B$2:$B$726,$A2,Transactions!$A$2:$A$726,">="&DATE(2026,6,1),Transactions!$A$2:$A$726,"<"&EDATE(DATE(2026,6,1),1)) -> 1683.2 | L2: =SUMIFS(Transactions!$D$2:$D$726,Transactions!$B$2:$B$726,$A2,Transactions!$A$2:$A$726,">="&DATE(2026,7,1),Transactions!$A$2:$A$726,"<"&EDATE(DATE(2026,7,1),1)) -> 1436.31 | M2: =SUMIFS(Transactions!$D$2:$D$726,Transactions!$B$2:$B$726,$A2,Transactions!$A$2:$A$726,">="&DATE(2026,8,1),Transactions!$A$2:$A$726,"<"&EDATE(DATE(2026,8,1),1)) -> 1078.46
A3: Transport | B3: =SUMIFS(Transactions!$D$2:$D$726,Transactions!$B$2:$B$726,$A3,Transactions!$A$2:$A$726,">="&DATE(2025,9,1),Transactions!$A$2:$A$726,"<"&EDATE(DATE(2025,9,1),1)) -> 705.49 | C3: =SUMIFS(Transactions!$D$2:$D$726,Transactions!$B$2:$B$726,$A3,Transactions!$A$2:$A$726,">="&DATE(2025,10,1),Transactions!$A$2:$A$726,"<"&EDATE(DATE(2025,10,1),1)) -> 436.35 | D3: =SUMIFS(Transactions!$D$2:$D$726,Transactions!$B$2:$B$726,$A3,Transactions!$A$2:$A$726,">="&DATE(2025,11,1),Transactions!$A$2:$A$726,"<"&EDATE(DATE(2025,11,1),1)) -> 530.52 | E3: =SUMIFS(Transactions!$D$2:$D$726,Transactions!$B$2:$B$726,$A3,Transactions!$A$2:$A$726,">="&DATE(2025,12,1),Transactions!$A$2:$A$726,"<"&EDATE(DATE(2025,12,1),1)) -> 305.94 | F3: =SUMIFS(Transactions!$D$2:$D$726,Transactions!$B$2:$B$726,$A3,Transactions!$A$2:$A$726,">="&DATE(2026,1,1),Transactions!$A$2:$A$726,"<"&EDATE(DATE(2026,1,1),1)) -> 476.49 | G3: =SUMIFS(Transactions!$D$2:$D$726,Transactions!$B$2:$B$726,$A3,Transactions!$A$2:$A$726,">="&DATE(2026,2,1),Transactions!$A$2:$A$726,"<"&EDATE(DATE(2026,2,1),1)) -> 624.63 | H3: =SUMIFS(Transactions!$D$2:$D$726,Transactions!$B$2:$B$726,$A3,Transactions!$A$2:$A$726,">="&DATE(2026,3,1),Transactions!$A$2:$A$726,"<"&EDATE(DATE(2026,3,1),1)) -> 655.78 | I3: =SUMIFS(Transactions!$D$2:$D$726,Transactions!$B$2:$B$726,$A3,Transactions!$A$2:$A$726,">="&DATE(2026,4,1),Transactions!$A$2:$A$726,"<"&EDATE(DATE(2026,4,1),1)) -> 541.83 | J3: =SUMIFS(Transactions!$D$2:$D$726,Transactions!$B$2:$B$726,$A3,Transactions!$A$2:$A$726,">="&DATE(2026,5,1),Transactions!$A$2:$A$726,"<"&EDATE(DATE(2026,5,1),1)) -> 484.59 | K3: =SUMIFS(Transactions!$D$2:$D$726,Transactions!$B$2:$B$726,$A3,Transactions!$A$2:$A$726,">="&DATE(2026,6,1),Transactions!$A$2:$A$726,"<"&EDATE(DATE(2026,6,1),1)) -> 621.76 | L3: =SUMIFS(Transactions!$D$2:$D$726,Transactions!$B$2:$B$726,$A3,Transactions!$A$2:$A$726,">="&DATE(2026,7,1),Transactions!$A$2:$A$726,"<"&EDATE(DATE(2026,7,1),1)) -> 832.04 | M3: =SUMIFS(Transactions!$D$2:$D$726,Transactions!$B$2:$B$726,$A3,Transactions!$A$2:$A$726,">="&DATE(2026,8,1),Transactions!$A$2:$A$726,"<"&EDATE(DATE(2026,8,1),1)) -> 497.83
A4: Rent | B4: =SUMIFS(Transactions!$D$2:$D$726,Transactions!$B$2:$B$726,$A4,Transactions!$A$2:$A$726,">="&DATE(2025,9,1),Transactions!$A$2:$A$726,"<"&EDATE(DATE(2025,9,1),1)) -> 3000 | C4: =SUMIFS(Transactions!$D$2:$D$726,Transactions!$B$2:$B$726,$A4,Transactions!$A$2:$A$726,">="&DATE(2025,10,1),Transactions!$A$2:$A$726,"<"&EDATE(DATE(2025,10,1),1)) -> 3000 | D4: =SUMIFS(Transactions!$D$2:$D$726,Transactions!$B$2:$B$726,$A4,Transactions!$A$2:$A$726,">="&DATE(2025,11,1),Transactions!$A$2:$A$726,"<"&EDATE(DATE(2025,11,1),1)) -> 3000 | E4: =SUMIFS(Transactions!$D$2:$D$726,Transactions!$B$2:$B$726,$A4,Transactions!$A$2:$A$726,">="&DATE(2025,12,1),Transactions!$A$2:$A$726,"<"&EDATE(DATE(2025,12,1),1)) -> 3000 | F4: =SUMIFS(Transactions!$D$2:$D$726,Transactions!$B$2:$B$726,$A4,Transactions!$A$2:$A$726,">="&DATE(2026,1,1),Transactions!$A$2:$A$726,"<"&EDATE(DATE(2026,1,1),1)) -> 3000 | G4: =SUMIFS(Transactions!$D$2:$D$726,Transactions!$B$2:$B$726,$A4,Transactions!$A$2:$A$726,">="&DATE(2026,2,1),Transactions!$A$2:$A$726,"<"&EDATE(DATE(2026,2,1),1)) -> 3000 | H4: =SUMIFS(Transactions!$D$2:$D$726,Transactions!$B$2:$B$726,$A4,Transactions!$A$2:$A$726,">="&DATE(2026,3,1),Transactions!$A$2:$A$726,"<"&EDATE(DATE(2026,3,1),1)) -> 3000 | I4: =SUMIFS(Transactions!$D$2:$D$726,Transactions!$B$2:$B$726,$A4,Transactions!$A$2:$A$726,">="&DATE(2026,4,1),Transactions!$A$2:$A$726,"<"&EDATE(DATE(2026,4,1),1)) -> 3000 | J4: =SUMIFS(Transactions!$D$2:$D$726,Transactions!$B$2:$B$726,$A4,Transactions!$A$2:$A$726,">="&DATE(2026,5,1),Transactions!$A$2:$A$726,"<"&EDATE(DATE(2026,5,1),1)) -> 3000 | K4: =SUMIFS(Transactions!$D$2:$D$726,Transactions!$B$2:$B$726,$A4,Transactions!$A$2:$A$726,">="&DATE(2026,6,1),Transactions!$A$2:$A$726,"<"&EDATE(DATE(2026,6,1),1)) -> 3000 | L4: =SUMIFS(Transactions!$D$2:$D$726,Transactions!$B$2:$B$726,$A4,Transactions!$A$2:$A$726,">="&DATE(2026,7,1),Transactions!$A$2:$A$726,"<"&EDATE(DATE(2026,7,1),1)) -> 3000 | M4: =SUMIFS(Transactions!$D$2:$D$726,Transactions!$B$2:$B$726,$A4,Transactions!$A$2:$A$726,">="&DATE(2026,8,1),Transactions!$A$2:$A$726,"<"&EDATE(DATE(2026,8,1),1)) -> 3000
A5: Utilities | B5: =SUMIFS(Transactions!$D$2:$D$726,Transactions!$B$2:$B$726,$A5,Transactions!$A$2:$A$726,">="&DATE(2025,9,1),Transactions!$A$2:$A$726,"<"&EDATE(DATE(2025,9,1),1)) -> 209.16 | C5: =SUMIFS(Transactions!$D$2:$D$726,Transactions!$B$2:$B$726,$A5,Transactions!$A$2:$A$726,">="&DATE(2025,10,1),Transactions!$A$2:$A$726,"<"&EDATE(DATE(2025,10,1),1)) -> 200.71 | D5: =SUMIFS(Transactions!$D$2:$D$726,Transactions!$B$2:$B$726,$A5,Transactions!$A$2:$A$726,">="&DATE(2025,11,1),Transactions!$A$2:$A$726,"<"&EDATE(DATE(2025,11,1),1)) -> 312.79 | E5: =SUMIFS(Transactions!$D$2:$D$726,Transactions!$B$2:$B$726,$A5,Transactions!$A$2:$A$726,">="&DATE(2025,12,1),Transactions!$A$2:$A$726,"<"&EDATE(DATE(2025,12,1),1)) -> 339.65 | F5: =SUMIFS(Transactions!$D$2:$D$726,Transactions!$B$2:$B$726,$A5,Transactions!$A$2:$A$726,">="&DATE(2026,1,1),Transactions!$A$2:$A$726,"<"&EDATE(DATE(2026,1,1),1)) -> 279.63 | G5: =SUMIFS(Transactions!$D$2:$D$726,Transactions!$B$2:$B$726,$A5,Transactions!$A$2:$A$726,">="&DATE(2026,2,1),Transactions!$A$2:$A$726,"<"&EDATE(DATE(2026,2,1),1)) -> 212.37 | H5: =SUMIFS(Transactions!$D$2:$D$726,Transactions!$B$2:$B$726,$A5,Transactions!$A$2:$A$726,">="&DATE(2026,3,1),Transactions!$A$2:$A$726,"<"&EDATE(DATE(2026,3,1),1)) -> 337.95 | I5: =SUMIFS(Transactions!$D$2:$D$726,Transactions!$B$2:$B$726,$A5,Transactions!$A$2:$A$726,">="&DATE(2026,4,1),Transactions!$A$2:$A$726,"<"&EDATE(DATE(2026,4,1),1)) -> 234.1 | J5: =SUMIFS(Transactions!$D$2:$D$726,Transactions!$B$2:$B$726,$A5,Transactions!$A$2:$A$726,">="&DATE(2026,5,1),Transactions!$A$2:$A$726,"<"&EDATE(DATE(2026,5,1),1)) -> 269.23 | K5: =SUMIFS(Transactions!$D$2:$D$726,Transactions!$B$2:$B$726,$A5,Transactions!$A$2:$A$726,">="&DATE(2026,6,1),Transactions!$A$2:$A$726,"<"&EDATE(DATE(2026,6,1),1)) -> 342.34 | L5: =SUMIFS(Transactions!$D$2:$D$726,Transactions!$B$2:$B$726,$A5,Transactions!$A$2:$A$726,">="&DATE(2026,7,1),Transactions!$A$2:$A$726,"<"&EDATE(DATE(2026,7,1),1)) -> 269.72 | M5: =SUMIFS(Transactions!$D$2:$D$726,Transactions!$B$2:$B$726,$A5,Transactions!$A$2:$A$726,">="&DATE(2026,8,1),Transactions!$A$2:$A$726,"<"&EDATE(DATE(2026,8,1),1)) -> 344.06
A6: Entertainment | B6: =SUMIFS(Transactions!$D$2:$D$726,Transactions!$B$2:$B$726,$A6,Transactions!$A$2:$A$726,">="&DATE(2025,9,1),Transactions!$A$2:$A$726,"<"&EDATE(DATE(2025,9,1),1)) -> 1516.48 | C6: =SUMIFS(Transactions!$D$2:$D$726,Transactions!$B$2:$B$726,$A6,Transactions!$A$2:$A$726,">="&DATE(2025,10,1),Transactions!$A$2:$A$726,"<"&EDATE(DATE(2025,10,1),1)) -> 1369.04 | D6: =SUMIFS(Transactions!$D$2:$D$726,Transactions!$B$2:$B$726,$A6,Transactions!$A$2:$A$726,">="&DATE(2025,11,1),Transactions!$A$2:$A$726,"<"&EDATE(DATE(2025,11,1),1)) -> 672.13 | E6: =SUMIFS(Transactions!$D$2:$D$726,Transactions!$B$2:$B$726,$A6,Transactions!$A$2:$A$726,">="&DATE(2025,12,1),Transactions!$A$2:$A$726,"<"&EDATE(DATE(2025,12,1),1)) -> 797.8 | F6: =SUMIFS(Transactions!$D$2:$D$726,Transactions!$B$2:$B$726,$A6,Transactions!$A$2:$A$726,">="&DATE(2026,1,1),Transactions!$A$2:$A$726,"<"&EDATE(DATE(2026,1,1),1)) -> 2347.16 | G6: =SUMIFS(Transactions!$D$2:$D$726,Transactions!$B$2:$B$726,$A6,Transactions!$A$2:$A$726,">="&DATE(2026,2,1),Transactions!$A$2:$A$726,"<"&EDATE(DATE(2026,2,1),1)) -> 1178.76 | H6: =SUMIFS(Transactions!$D$2:$D$726,Transactions!$B$2:$B$726,$A6,Transactions!$A$2:$A$726,">="&DATE(2026,3,1),Transactions!$A$2:$A$726,"<"&EDATE(DATE(2026,3,1),1)) -> 1236.42 | I6: =SUMIFS(Transactions!$D$2:$D$726,Transactions!$B$2:$B$726,$A6,Transactions!$A$2:$A$726,">="&DATE(2026,4,1),Transactions!$A$2:$A$726,"<"&EDATE(DATE(2026,4,1),1)) -> 1307.68 | J6: =SUMIFS(Transactions!$D$2:$D$726,Transactions!$B$2:$B$726,$A6,Transactions!$A$2:$A$726,">="&DATE(2026,5,1),Transactions!$A$2:$A$726,"<"&EDATE(DATE(2026,5,1),1)) -> 1526.02 | K6: =SUMIFS(Transactions!$D$2:$D$726,Transactions!$B$2:$B$726,$A6,Transactions!$A$2:$A$726,">="&DATE(2026,6,1),Transactions!$A$2:$A$726,"<"&EDATE(DATE(2026,6,1),1)) -> 1266.34 | L6: =SUMIFS(Transactions!$D$2:$D$726,Transactions!$B$2:$B$726,$A6,Transactions!$A$2:$A$726,">="&DATE(2026,7,1),Transactions!$A$2:$A$726,"<"&EDATE(DATE(2026,7,1),1)) -> 547.81 | M6: =SUMIFS(Transactions!$D$2:$D$726,Transactions!$B$2:$B$726,$A6,Transactions!$A$2:$A$726,">="&DATE(2026,8,1),Transactions!$A$2:$A$726,"<"&EDATE(DATE(2026,8,1),1)) -> 564.61
A7: Shopping | B7: =SUMIFS(Transactions!$D$2:$D$726,Transactions!$B$2:$B$726,$A7,Transactions!$A$2:$A$726,">="&DATE(2025,9,1),Transactions!$A$2:$A$726,"<"&EDATE(DATE(2025,9,1),1)) -> 1778.71 | C7: =SUMIFS(Transactions!$D$2:$D$726,Transactions!$B$2:$B$726,$A7,Transactions!$A$2:$A$726,">="&DATE(2025,10,1),Transactions!$A$2:$A$726,"<"&EDATE(DATE(2025,10,1),1)) -> 1569.89 | D7: =SUMIFS(Transactions!$D$2:$D$726,Transactions!$B$2:$B$726,$A7,Transactions!$A$2:$A$726,">="&DATE(2025,11,1),Transactions!$A$2:$A$726,"<"&EDATE(DATE(2025,11,1),1)) -> 1558.79 | E7: =SUMIFS(Transactions!$D$2:$D$726,Transactions!$B$2:$B$726,$A7,Transactions!$A$2:$A$726,">="&DATE(2025,12,1),Transactions!$A$2:$A$726,"<"&EDATE(DATE(2025,12,1),1)) -> 2375.24 | F7: =SUMIFS(Transactions!$D$2:$D$726,Transactions!$B$2:$B$726,$A7,Transactions!$A$2:$A$726,">="&DATE(2026,1,1),Transactions!$A$2:$A$726,"<"&EDATE(DATE(2026,1,1),1)) -> 4048.73 | G7: =SUMIFS(Transactions!$D$2:$D$726,Transactions!$B$2:$B$726,$A7,Transactions!$A$2:$A$726,">="&DATE(2026,2,1),Transactions!$A$2:$A$726,"<"&EDATE(DATE(2026,2,1),1)) -> 1097.34 | H7: =SUMIFS(Transactions!$D$2:$D$726,Transactions!$B$2:$B$726,$A7,Transactions!$A$2:$A$726,">="&DATE(2026,3,1),Transactions!$A$2:$A$726,"<"&EDATE(DATE(2026,3,1),1)) -> 2035.47 | I7: =SUMIFS(Transactions!$D$2:$D$726,Transactions!$B$2:$B$726,$A7,Transactions!$A$2:$A$726,">="&DATE(2026,4,1),Transactions!$A$2:$A$726,"<"&EDATE(DATE(2026,4,1),1)) -> 2828.72 | J7: =SUMIFS(Transactions!$D$2:$D$726,Transactions!$B$2:$B$726,$A7,Transactions!$A$2:$A$726,">="&DATE(2026,5,1),Transactions!$A$2:$A$726,"<"&EDATE(DATE(2026,5,1),1)) -> 1001.87 | K7: =SUMIFS(Transactions!$D$2:$D$726,Transactions!$B$2:$B$726,$A7,Transactions!$A$2:$A$726,">="&DATE(2026,6,1),Transactions!$A$2:$A$726,"<"&EDATE(DATE(2026,6,1),1)) -> 1520.96 | L7: =SUMIFS(Transactions!$D$2:$D$726,Transactions!$B$2:$B$726,$A7,Transactions!$A$2:$A$726,">="&DATE(2026,7,1),Transactions!$A$2:$A$726,"<"&EDATE(DATE(2026,7,1),1)) -> 3856.44 | M7: =SUMIFS(Transactions!$D$2:$D$726,Transactions!$B$2:$B$726,$A7,Transactions!$A$2:$A$726,">="&DATE(2026,8,1),Transactions!$A$2:$A$726,"<"&EDATE(DATE(2026,8,1),1)) -> 2347.11
A8: Health | B8: =SUMIFS(Transactions!$D$2:$D$726,Transactions!$B$2:$B$726,$A8,Transactions!$A$2:$A$726,">="&DATE(2025,9,1),Transactions!$A$2:$A$726,"<"&EDATE(DATE(2025,9,1),1)) -> 1320.47 | C8: =SUMIFS(Transactions!$D$2:$D$726,Transactions!$B$2:$B$726,$A8,Transactions!$A$2:$A$726,">="&DATE(2025,10,1),Transactions!$A$2:$A$726,"<"&EDATE(DATE(2025,10,1),1)) -> 1035.09 | D8: =SUMIFS(Transactions!$D$2:$D$726,Transactions!$B$2:$B$726,$A8,Transactions!$A$2:$A$726,">="&DATE(2025,11,1),Transactions!$A$2:$A$726,"<"&EDATE(DATE(2025,11,1),1)) -> 1367.72 | E8: =SUMIFS(Transactions!$D$2:$D$726,Transactions!$B$2:$B$726,$A8,Transactions!$A$2:$A$726,">="&DATE(2025,12,1),Transactions!$A$2:$A$726,"<"&EDATE(DATE(2025,12,1),1)) -> 290.72 | F8: =SUMIFS(Transactions!$D$2:$D$726,Transactions!$B$2:$B$726,$A8,Transactions!$A$2:$A$726,">="&DATE(2026,1,1),Transactions!$A$2:$A$726,"<"&EDATE(DATE(2026,1,1),1)) -> 1193.73 | G8: =SUMIFS(Transactions!$D$2:$D$726,Transactions!$B$2:$B$726,$A8,Transactions!$A$2:$A$726,">="&DATE(2026,2,1),Transactions!$A$2:$A$726,"<"&EDATE(DATE(2026,2,1),1)) -> 868.95 | H8: =SUMIFS(Transactions!$D$2:$D$726,Transactions!$B$2:$B$726,$A8,Transactions!$A$2:$A$726,">="&DATE(2026,3,1),Transactions!$A$2:$A$726,"<"&EDATE(DATE(2026,3,1),1)) -> 1002.29 | I8: =SUMIFS(Transactions!$D$2:$D$726,Transactions!$B$2:$B$726,$A8,Transactions!$A$2:$A$726,">="&DATE(2026,4,1),Transactions!$A$2:$A$726,"<"&EDATE(DATE(2026,4,1),1)) -> 1278.47 | J8: =SUMIFS(Transactions!$D$2:$D$726,Transactions!$B$2:$B$726,$A8,Transactions!$A$2:$A$726,">="&DATE(2026,5,1),Transactions!$A$2:$A$726,"<"&EDATE(DATE(2026,5,1),1)) -> 1706.79 | K8: =SUMIFS(Transactions!$D$2:$D$726,Transactions!$B$2:$B$726,$A8,Transactions!$A$2:$A$726,">="&DATE(2026,6,1),Transactions!$A$2:$A$726,"<"&EDATE(DATE(2026,6,1),1)) -> 1353.52 | L8: =SUMIFS(Transactions!$D$2:$D$726,Transactions!$B$2:$B$726,$A8,Transactions!$A$2:$A$726,">="&DATE(2026,7,1),Transactions!$A$2:$A$726,"<"&EDATE(DATE(2026,7,1),1)) -> 1322.98 | M8: =SUMIFS(Transactions!$D$2:$D$726,Transactions!$B$2:$B$726,$A8,Transactions!$A$2:$A$726,">="&DATE(2026,8,1),Transactions!$A$2:$A$726,"<"&EDATE(DATE(2026,8,1),1)) -> 1384.16
A9: Education | B9: =SUMIFS(Transactions!$D$2:$D$726,Transactions!$B$2:$B$726,$A9,Transactions!$A$2:$A$726,">="&DATE(2025,9,1),Transactions!$A$2:$A$726,"<"&EDATE(DATE(2025,9,1),1)) -> 1826.76 | C9: =SUMIFS(Transactions!$D$2:$D$726,Transactions!$B$2:$B$726,$A9,Transactions!$A$2:$A$726,">="&DATE(2025,10,1),Transactions!$A$2:$A$726,"<"&EDATE(DATE(2025,10,1),1)) -> 1536.92 | D9: =SUMIFS(Transactions!$D$2:$D$726,Transactions!$B$2:$B$726,$A9,Transactions!$A$2:$A$726,">="&DATE(2025,11,1),Transactions!$A$2:$A$726,"<"&EDATE(DATE(2025,11,1),1)) -> 2360.16 | E9: =SUMIFS(Transactions!$D$2:$D$726,Transactions!$B$2:$B$726,$A9,Transactions!$A$2:$A$726,">="&DATE(2025,12,1),Transactions!$A$2:$A$726,"<"&EDATE(DATE(2025,12,1),1)) -> 1822.65 | F9: =SUMIFS(Transactions!$D$2:$D$726,Transactions!$B$2:$B$726,$A9,Transactions!$A$2:$A$726,">="&DATE(2026,1,1),Transactions!$A$2:$A$726,"<"&EDATE(DATE(2026,1,1),1)) -> 1341.74 | G9: =SUMIFS(Transactions!$D$2:$D$726,Transactions!$B$2:$B$726,$A9,Transactions!$A$2:$A$726,">="&DATE(2026,2,1),Transactions!$A$2:$A$726,"<"&EDATE(DATE(2026,2,1),1)) -> 2814.45 | H9: =SUMIFS(Transactions!$D$2:$D$726,Transactions!$B$2:$B$726,$A9,Transactions!$A$2:$A$726,">="&DATE(2026,3,1),Transactions!$A$2:$A$726,"<"&EDATE(DATE(2026,3,1),1)) -> 1337.38 | I9: =SUMIFS(Transactions!$D$2:$D$726,Transactions!$B$2:$B$726,$A9,Transactions!$A$2:$A$726,">="&DATE(2026,4,1),Transactions!$A$2:$A$726,"<"&EDATE(DATE(2026,4,1),1)) -> 885.08 | J9: =SUMIFS(Transactions!$D$2:$D$726,Transactions!$B$2:$B$726,$A9,Transactions!$A$2:$A$726,">="&DATE(2026,5,1),Transactions!$A$2:$A$726,"<"&EDATE(DATE(2026,5,1),1)) -> 1017.64 | K9: =SUMIFS(Transactions!$D$2:$D$726,Transactions!$B$2:$B$726,$A9,Transactions!$A$2:$A$726,">="&DATE(2026,6,1),Transactions!$A$2:$A$726,"<"&EDATE(DATE(2026,6,1),1)) -> 1249.91 | L9: =SUMIFS(Transactions!$D$2:$D$726,Transactions!$B$2:$B$726,$A9,Transactions!$A$2:$A$726,">="&DATE(2026,7,1),Transactions!$A$2:$A$726,"<"&EDATE(DATE(2026,7,1),1)) -> 1151.43 | M9: =SUMIFS(Transactions!$D$2:$D$726,Transactions!$B$2:$B$726,$A9,Transactions!$A$2:$A$726,">="&DATE(2026,8,1),Transactions!$A$2:$A$726,"<"&EDATE(DATE(2026,8,1),1)) -> 1388.82
A10: Monthly Total | B10: =SUM(B2:B9) -> 11953.2 | C10: =SUM(C2:C9) -> 10205.31 | D10: =SUM(D2:D9) -> 11112.61 | E10: =SUM(E2:E9) -> 10432.42 | F10: =SUM(F2:F9) -> 14061.26 | G10: =SUM(G2:G9) -> 10754.2 | H10: =SUM(H2:H9) -> 10717.12 | I10: =SUM(I2:I9) -> 11492.68 | ... M10: =SUM(M2:M9) -> 10605.05

Sheet 1
A1: Category | B1: 2025-09 | C1: 2025-10 | D1: 2025-11 | E1: 2025-12 | F1: 2026-01 | G1: 2026-02 | H1: 2026-03 | I1: 2026-04 | J1: 2026-05 | K1: 2026-06 | L1: 2026-07 | M1: 2026-08
A2: Food | B2: =SUMIFS(Transactions!$D$2:$D$726,Transactions!$B$2:$B$726,$A2,Transactions!$A$2:$A$726,">="&DATE(2025,9,1),Transactions!$A$2:$A$726,"<"&EDATE(DATE(2025,9,1),1)) -> 1596.13 | C2: =SUMIFS(Transactions!$D$2:$D$726,Transactions!$B$2:$B$726,$A2,Transactions!$A$2:$A$726,">="&DATE(2025,10,1),Transactions!$A$2:$A$726,"<"&EDATE(DATE(2025,10,1),1)) -> 1057.31 | D2: =SUMIFS(Transactions!$D$2:$D$726,Transactions!$B$2:$B$726,$A2,Transactions!$A$2:$A$726,">="&DATE(2025,11,1),Transactions!$A$2:$A$726,"<"&EDATE(DATE(2025,11,1),1)) -> 1310.5 | E2: =SUMIFS(Transactions!$D$2:$D$726,Transactions!$B$2:$B$726,$A2,Transactions!$A$2:$A$726,">="&DATE(2025,12,1),Transactions!$A$2:$A$726,"<"&EDATE(DATE(2025,12,1),1)) -> 1500.42 | F2: =SUMIFS(Transactions!$D$2:$D$726,Transactions!$B$2:$B$726,$A2,Transactions!$A$2:$A$726,">="&DATE(2026,1,1),Transactions!$A$2:$A$726,"<"&EDATE(DATE(2026,1,1),1)) -> 1373.78 | G2: =SUMIFS(Transactions!$D$2:$D$726,Transactions!$B$2:$B$726,$A2,Transactions!$A$2:$A$726,">="&DATE(2026,2,1),Transactions!$A$2:$A$726,"<"&EDATE(DATE(2026,2,1),1)) -> 957.7 | H2: =SUMIFS(Transactions!$D$2:$D$726,Transactions!$B$2:$B$726,$A2,Transactions!$A$2:$A$726,">="&DATE(2026,3,1),Transactions!$A$2:$A$726,"<"&EDATE(DATE(2026,3,1),1)) -> 1111.83 | I2: =SUMIFS(Transactions!$D$2:$D$726,Transactions!$B$2:$B$726,$A2,Transactions!$A$2:$A$726,">="&DATE(2026,4,1),Transactions!$A$2:$A$726,"<"&EDATE(DATE(2026,4,1),1)) -> 1416.8 | J2: =SUMIFS(Transactions!$D$2:$D$726,Transactions!$B$2:$B$726,$A2,Transactions!$A$2:$A$726,">="&DATE(2026,5,1),Transactions!$A$2:$A$726,"<"&EDATE(DATE(2026,5,1),1)) -> 1425.49 | K2: =SUMIFS(Transactions!$D$2:$D$726,Transactions!$B$2:$B$726,$A2,Transactions!$A$2:$A$726,">="&DATE(2026,6,1),Transactions!$A$2:$A$726,"<"&EDATE(DATE(2026,6,1),1)) -> 1683.2 | L2: =SUMIFS(Transactions!$D$2:$D$726,Transactions!$B$2:$B$726,$A2,Transactions!$A$2:$A$726,">="&DATE(2026,7,1),Transactions!$A$2:$A$726,"<"&EDATE(DATE(2026,7,1),1)) -> 1436.31 | M2: =SUMIFS(Transactions!$D$2:$D$726,Transactions!$B$2:$B$726,$A2,Transactions!$A$2:$A$726,">="&DATE(2026,8,1),Transactions!$A$2:$A$726,"<"&EDATE(DATE(2026,8,1),1)) -> 1078.46
A3: Transport | B3: =SUMIFS(Transactions!$D$2:$D$726,Transactions!$B$2:$B$726,$A3,Transactions!$A$2:$A$726,">="&DATE(2025,9,1),Transactions!$A$2:$A$726,"<"&EDATE(DATE(2025,9,1),1)) -> 705.49 | C3: =SUMIFS(Transactions!$D$2:$D$726,Transactions!$B$2:$B$726,$A3,Transactions!$A$2:$A$726,">="&DATE(2025,10,1),Transactions!$A$2:$A$726,"<"&EDATE(DATE(2025,10,1),1)) -> 436.35 | D3: =SUMIFS(Transactions!$D$2:$D$726,Transactions!$B$2:$B$726,$A3,Transactions!$A$2:$A$726,">="&DATE(2025,11,1),Transactions!$A$2:$A$726,"<"&EDATE(DATE(2025,11,1),1)) -> 530.52 | E3: =SUMIFS(Transactions!$D$2:$D$726,Transactions!$B$2:$B$726,$A3,Transactions!$A$2:$A$726,">="&DATE(2025,12,1),Transactions!$A$2:$A$726,"<"&EDATE(DATE(2025,12,1),1)) -> 305.94 | F3: =SUMIFS(Transactions!$D$2:$D$726,Transactions!$B$2:$B$726,$A3,Transactions!$A$2:$A$726,">="&DATE(2026,1,1),Transactions!$A$2:$A$726,"<"&EDATE(DATE(2026,1,1),1)) -> 476.49 | G3: =SUMIFS(Transactions!$D$2:$D$726,Transactions!$B$2:$B$726,$A3,Transactions!$A$2:$A$726,">="&DATE(2026,2,1),Transactions!$A$2:$A$726,"<"&EDATE(DATE(2026,2,1),1)) -> 624.63 | H3: =SUMIFS(Transactions!$D$2:$D$726,Transactions!$B$2:$B$726,$A3,Transactions!$A$2:$A$726,">="&DATE(2026,3,1),Transactions!$A$2:$A$726,"<"&EDATE(DATE(2026,3,1),1)) -> 655.78 | I3: =SUMIFS(Transactions!$D$2:$D$726,Transactions!$B$2:$B$726,$A3,Transactions!$A$2:$A$726,">="&DATE(2026,4,1),Transactions!$A$2:$A$726,"<"&EDATE(DATE(2026,4,1),1)) -> 541.83 | J3: =SUMIFS(Transactions!$D$2:$D$726,Transactions!$B$2:$B$726,$A3,Transactions!$A$2:$A$726,">="&DATE(2026,5,1),Transactions!$A$2:$A$726,"<"&EDATE(DATE(2026,5,1),1)) -> 484.59 | K3: =SUMIFS(Transactions!$D$2:$D$726,Transactions!$B$2:$B$726,$A3,Transactions!$A$2:$A$726,">="&DATE(2026,6,1),Transactions!$A$2:$A$726,"<"&EDATE(DATE(2026,6,1),1)) -> 621.76 | L3: =SUMIFS(Transactions!$D$2:$D$726,Transactions!$B$2:$B$726,$A3,Transactions!$A$2:$A$726,">="&DATE(2026,7,1),Transactions!$A$2:$A$726,"<"&EDATE(DATE(2026,7,1),1)) -> 832.04 | M3: =SUMIFS(Transactions!$D$2:$D$726,Transactions!$B$2:$B$726,$A3,Transactions!$A$2:$A$726,">="&DATE(2026,8,1),Transactions!$A$2:$A$726,"<"&EDATE(DATE(2026,8,1),1)) -> 497.83
A4: Rent | B4: =SUMIFS(Transactions!$D$2:$D$726,Transactions!$B$2:$B$726,$A4,Transactions!$A$2:$A$726,">="&DATE(2025,9,1),Transactions!$A$2:$A$726,"<"&EDATE(DATE(2025,9,1),1)) -> 3000 | C4: =SUMIFS(Transactions!$D$2:$D$726,Transactions!$B$2:$B$726,$A4,Transactions!$A$2:$A$726,">="&DATE(2025,10,1),Transactions!$A$2:$A$726,"<"&EDATE(DATE(2025,10,1),1)) -> 3000 | D4: =SUMIFS(Transactions!$D$2:$D$726,Transactions!$B$2:$B$726,$A4,Transactions!$A$2:$A$726,">="&DATE(2025,11,1),Transactions!$A$2:$A$726,"<"&EDATE(DATE(2025,11,1),1)) -> 3000 | E4: =SUMIFS(Transactions!$D$2:$D$726,Transactions!$B$2:$B$726,$A4,Transactions!$A$2:$A$726,">="&DATE(2025,12,1),Transactions!$A$2:$A$726,"<"&EDATE(DATE(2025,12,1),1)) -> 3000 | F4: =SUMIFS(Transactions!$D$2:$D$726,Transactions!$B$2:$B$726,$A4,Transactions!$A$2:$A$726,">="&DATE(2026,1,1),Transactions!$A$2:$A$726,"<"&EDATE(DATE(2026,1,1),1)) -> 3000 | G4: =SUMIFS(Transactions!$D$2:$D$726,Transactions!$B$2:$B$726,$A4,Transactions!$A$2:$A$726,">="&DATE(2026,2,1),Transactions!$A$2:$A$726,"<"&EDATE(DATE(2026,2,1),1)) -> 3000 | H4: =SUMIFS(Transactions!$D$2:$D$726,Transactions!$B$2:$B$726,$A4,Transactions!$A$2:$A$726,">="&DATE(2026,3,1),Transactions!$A$2:$A$726,"<"&EDATE(DATE(2026,3,1),1)) -> 3000 | I4: =SUMIFS(Transactions!$D$2:$D$726,Transactions!$B$2:$B$726,$A4,Transactions!$A$2:$A$726,">="&DATE(2026,4,1),Transactions!$A$2:$A$726,"<"&EDATE(DATE(2026,4,1),1)) -> 3000 | J4: =SUMIFS(Transactions!$D$2:$D$726,Transactions!$B$2:$B$726,$A4,Transactions!$A$2:$A$726,">="&DATE(2026,5,1),Transactions!$A$2:$A$726,"<"&EDATE(DATE(2026,5,1),1)) -> 3000 | K4: =SUMIFS(Transactions!$D$2:$D$726,Transactions!$B$2:$B$726,$A4,Transactions!$A$2:$A$726,">="&DATE(2026,6,1),Transactions!$A$2:$A$726,"<"&EDATE(DATE(2026,6,1),1)) -> 3000 | L4: =SUMIFS(Transactions!$D$2:$D$726,Transactions!$B$2:$B$726,$A4,Transactions!$A$2:$A$726,">="&DATE(2026,7,1),Transactions!$A$2:$A$726,"<"&EDATE(DATE(2026,7,1),1)) -> 3000 | M4: =SUMIFS(Transactions!$D$2:$D$726,Transactions!$B$2:$B$726,$A4,Transactions!$A$2:$A$726,">="&DATE(2026,8,1),Transactions!$A$2:$A$726,"<"&EDATE(DATE(2026,8,1),1)) -> 3000
A5: Utilities | B5: =SUMIFS(Transactions!$D$2:$D$726,Transactions!$B$2:$B$726,$A5,Transactions!$A$2:$A$726,">="&DATE(2025,9,1),Transactions!$A$2:$A$726,"<"&EDATE(DATE(2025,9,1),1)) -> 209.16 | C5: =SUMIFS(Transactions!$D$2:$D$726,Transactions!$B$2:$B$726,$A5,Transactions!$A$2:$A$726,">="&DATE(2025,10,1),Transactions!$A$2:$A$726,"<"&EDATE(DATE(2025,10,1),1)) -> 200.71 | D5: =SUMIFS(Transactions!$D$2:$D$726,Transactions!$B$2:$B$726,$A5,Transactions!$A$2:$A$726,">="&DATE(2025,11,1),Transactions!$A$2:$A$726,"<"&EDATE(DATE(2025,11,1),1)) -> 312.79 | E5: =SUMIFS(Transactions!$D$2:$D$726,Transactions!$B$2:$B$726,$A5,Transactions!$A$2:$A$726,">="&DATE(2025,12,1),Transactions!$A$2:$A$726,"<"&EDATE(DATE(2025,12,1),1)) -> 339.65 | F5: =SUMIFS(Transactions!$D$2:$D$726,Transactions!$B$2:$B$726,$A5,Transactions!$A$2:$A$726,">="&DATE(2026,1,1),Transactions!$A$2:$A$726,"<"&EDATE(DATE(2026,1,1),1)) -> 279.63 | G5: =SUMIFS(Transactions!$D$2:$D$726,Transactions!$B$2:$B$726,$A5,Transactions!$A$2:$A$726,">="&DATE(2026,2,1),Transactions!$A$2:$A$726,"<"&EDATE(DATE(2026,2,1),1)) -> 212.37 | H5: =SUMIFS(Transactions!$D$2:$D$726,Transactions!$B$2:$B$726,$A5,Transactions!$A$2:$A$726,">="&DATE(2026,3,1),Transactions!$A$2:$A$726,"<"&EDATE(DATE(2026,3,1),1)) -> 337.95 | I5: =SUMIFS(Transactions!$D$2:$D$726,Transactions!$B$2:$B$726,$A5,Transactions!$A$2:$A$726,">="&DATE(2026,4,1),Transactions!$A$2:$A$726,"<"&EDATE(DATE(2026,4,1),1)) -> 234.1 | J5: =SUMIFS(Transactions!$D$2:$D$726,Transactions!$B$2:$B$726,$A5,Transactions!$A$2:$A$726,">="&DATE(2026,5,1),Transactions!$A$2:$A$726,"<"&EDATE(DATE(2026,5,1),1)) -> 269.23 | K5: =SUMIFS(Transactions!$D$2:$D$726,Transactions!$B$2:$B$726,$A5,Transactions!$A$2:$A$726,">="&DATE(2026,6,1),Transactions!$A$2:$A$726,"<"&EDATE(DATE(2026,6,1),1)) -> 342.34 | L5: =SUMIFS(Transactions!$D$2:$D$726,Transactions!$B$2:$B$726,$A5,Transactions!$A$2:$A$726,">="&DATE(2026,7,1),Transactions!$A$2:$A$726,"<"&EDATE(DATE(2026,7,1),1)) -> 269.72 | M5: =SUMIFS(Transactions!$D$2:$D$726,Transactions!$B$2:$B$726,$A5,Transactions!$A$2:$A$726,">="&DATE(2026,8,1),Transactions!$A$2:$A$726,"<"&EDATE(DATE(2026,8,1),1)) -> 344.06
A6: Entertainment | B6: =SUMIFS(Transactions!$D$2:$D$726,Transactions!$B$2:$B$726,$A6,Transactions!$A$2:$A$726,">="&DATE(2025,9,1),Transactions!$A$2:$A$726,"<"&EDATE(DATE(2025,9,1),1)) -> 1516.48 | C6: =SUMIFS(Transactions!$D$2:$D$726,Transactions!$B$2:$B$726,$A6,Transactions!$A$2:$A$726,">="&DATE(2025,10,1),Transactions!$A$2:$A$726,"<"&EDATE(DATE(2025,10,1),1)) -> 1369.04 | D6: =SUMIFS(Transactions!$D$2:$D$726,Transactions!$B$2:$B$726,$A6,Transactions!$A$2:$A$726,">="&DATE(2025,11,1),Transactions!$A$2:$A$726,"<"&EDATE(DATE(2025,11,1),1)) -> 672.13 | E6: =SUMIFS(Transactions!$D$2:$D$726,Transactions!$B$2:$B$726,$A6,Transactions!$A$2:$A$726,">="&DATE(2025,12,1),Transactions!$A$2:$A$726,"<"&EDATE(DATE(2025,12,1),1)) -> 797.8 | F6: =SUMIFS(Transactions!$D$2:$D$726,Transactions!$B$2:$B$726,$A6,Transactions!$A$2:$A$726,">="&DATE(2026,1,1),Transactions!$A$2:$A$726,"<"&EDATE(DATE(2026,1,1),1)) -> 2347.16 | G6: =SUMIFS(Transactions!$D$2:$D$726,Transactions!$B$2:$B$726,$A6,Transactions!$A$2:$A$726,">="&DATE(2026,2,1),Transactions!$A$2:$A$726,"<"&EDATE(DATE(2026,2,1),1)) -> 1178.76 | H6: =SUMIFS(Transactions!$D$2:$D$726,Transactions!$B$2:$B$726,$A6,Transactions!$A$2:$A$726,">="&DATE(2026,3,1),Transactions!$A$2:$A$726,"<"&EDATE(DATE(2026,3,1),1)) -> 1236.42 | I6: =SUMIFS(Transactions!$D$2:$D$726,Transactions!$B$2:$B$726,$A6,Transactions!$A$2:$A$726,">="&DATE(2026,4,1),Transactions!$A$2:$A$726,"<"&EDATE(DATE(2026,4,1),1)) -> 1307.68 | J6: =SUMIFS(Transactions!$D$2:$D$726,Transactions!$B$2:$B$726,$A6,Transactions!$A$2:$A$726,">="&DATE(2026,5,1),Transactions!$A$2:$A$726,"<"&EDATE(DATE(2026,5,1),1)) -> 1526.02 | K6: =SUMIFS(Transactions!$D$2:$D$726,Transactions!$B$2:$B$726,$A6,Transactions!$A$2:$A$726,">="&DATE(2026,6,1),Transactions!$A$2:$A$726,"<"&EDATE(DATE(2026,6,1),1)) -> 1266.34 | L6: =SUMIFS(Transactions!$D$2:$D$726,Transactions!$B$2:$B$726,$A6,Transactions!$A$2:$A$726,">="&DATE(2026,7,1),Transactions!$A$2:$A$726,"<"&EDATE(DATE(2026,7,1),1)) -> 547.81 | M6: =SUMIFS(Transactions!$D$2:$D$726,Transactions!$B$2:$B$726,$A6,Transactions!$A$2:$A$726,">="&DATE(2026,8,1),Transactions!$A$2:$A$726,"<"&EDATE(DATE(2026,8,1),1)) -> 564.61
A7: Shopping | B7: =SUMIFS(Transactions!$D$2:$D$726,Transactions!$B$2:$B$726,$A7,Transactions!$A$2:$A$726,">="&DATE(2025,9,1),Transactions!$A$2:$A$726,"<"&EDATE(DATE(2025,9,1),1)) -> 1778.71 | C7: =SUMIFS(Transactions!$D$2:$D$726,Transactions!$B$2:$B$726,$A7,Transactions!$A$2:$A$726,">="&DATE(2025,10,1),Transactions!$A$2:$A$726,"<"&EDATE(DATE(2025,10,1),1)) -> 1569.89 | D7: =SUMIFS(Transactions!$D$2:$D$726,Transactions!$B$2:$B$726,$A7,Transactions!$A$2:$A$726,">="&DATE(2025,11,1),Transactions!$A$2:$A$726,"<"&EDATE(DATE(2025,11,1),1)) -> 1558.79 | E7: =SUMIFS(Transactions!$D$2:$D$726,Transactions!$B$2:$B$726,$A7,Transactions!$A$2:$A$726,">="&DATE(2025,12,1),Transactions!$A$2:$A$726,"<"&EDATE(DATE(2025,12,1),1)) -> 2375.24 | F7: =SUMIFS(Transactions!$D$2:$D$726,Transactions!$B$2:$B$726,$A7,Transactions!$A$2:$A$726,">="&DATE(2026,1,1),Transactions!$A$2:$A$726,"<"&EDATE(DATE(2026,1,1),1)) -> 4048.73 | G7: =SUMIFS(Transactions!$D$2:$D$726,Transactions!$B$2:$B$726,$A7,Transactions!$A$2:$A$726,">="&DATE(2026,2,1),Transactions!$A$2:$A$726,"<"&EDATE(DATE(2026,2,1),1)) -> 1097.34 | H7: =SUMIFS(Transactions!$D$2:$D$726,Transactions!$B$2:$B$726,$A7,Transactions!$A$2:$A$726,">="&DATE(2026,3,1),Transactions!$A$2:$A$726,"<"&EDATE(DATE(2026,3,1),1)) -> 2035.47 | I7: =SUMIFS(Transactions!$D$2:$D$726,Transactions!$B$2:$B$726,$A7,Transactions!$A$2:$A$726,">="&DATE(2026,4,1),Transactions!$A$2:$A$726,"<"&EDATE(DATE(2026,4,1),1)) -> 2828.72 | J7: =SUMIFS(Transactions!$D$2:$D$726,Transactions!$B$2:$B$726,$A7,Transactions!$A$2:$A$726,">="&DATE(2026,5,1),Transactions!$A$2:$A$726,"<"&EDATE(DATE(2026,5,1),1)) -> 1001.87 | K7: =SUMIFS(Transactions!$D$2:$D$726,Transactions!$B$2:$B$726,$A7,Transactions!$A$2:$A$726,">="&DATE(2026,6,1),Transactions!$A$2:$A$726,"<"&EDATE(DATE(2026,6,1),1)) -> 1520.96 | L7: =SUMIFS(Transactions!$D$2:$D$726,Transactions!$B$2:$B$726,$A7,Transactions!$A$2:$A$726,">="&DATE(2026,7,1),Transactions!$A$2:$A$726,"<"&EDATE(DATE(2026,7,1),1)) -> 3856.44 | M7: =SUMIFS(Transactions!$D$2:$D$726,Transactions!$B$2:$B$726,$A7,Transactions!$A$2:$A$726,">="&DATE(2026,8,1),Transactions!$A$2:$A$726,"<"&EDATE(DATE(2026,8,1),1)) -> 2347.11
A8: Health | B8: =SUMIFS(Transactions!$D$2:$D$726,Transactions!$B$2:$B$726,$A8,Transactions!$A$2:$A$726,">="&DATE(2025,9,1),Transactions!$A$2:$A$726,"<"&EDATE(DATE(2025,9,1),1)) -> 1320.47 | C8: =SUMIFS(Transactions!$D$2:$D$726,Transactions!$B$2:$B$726,$A8,Transactions!$A$2:$A$726,">="&DATE(2025,10,1),Transactions!$A$2:$A$726,"<"&EDATE(DATE(2025,10,1),1)) -> 1035.09 | D8: =SUMIFS(Transactions!$D$2:$D$726,Transactions!$B$2:$B$726,$A8,Transactions!$A$2:$A$726,">="&DATE(2025,11,1),Transactions!$A$2:$A$726,"<"&EDATE(DATE(2025,11,1),1)) -> 1367.72 | E8: =SUMIFS(Transactions!$D$2:$D$726,Transactions!$B$2:$B$726,$A8,Transactions!$A$2:$A$726,">="&DATE(2025,12,1),Transactions!$A$2:$A$726,"<"&EDATE(DATE(2025,12,1),1)) -> 290.72 | F8: =SUMIFS(Transactions!$D$2:$D$726,Transactions!$B$2:$B$726,$A8,Transactions!$A$2:$A$726,">="&DATE(2026,1,1),Transactions!$A$2:$A$726,"<"&EDATE(DATE(2026,1,1),1)) -> 1193.73 | G8: =SUMIFS(Transactions!$D$2:$D$726,Transactions!$B$2:$B$726,$A8,Transactions!$A$2:$A$726,">="&DATE(2026,2,1),Transactions!$A$2:$A$726,"<"&EDATE(DATE(2026,2,1),1)) -> 868.95 | H8: =SUMIFS(Transactions!$D$2:$D$726,Transactions!$B$2:$B$726,$A8,Transactions!$A$2:$A$726,">="&DATE(2026,3,1),Transactions!$A$2:$A$726,"<"&EDATE(DATE(2026,3,1),1)) -> 1002.29 | I8: =SUMIFS(Transactions!$D$2:$D$726,Transactions!$B$2:$B$726,$A8,Transactions!$A$2:$A$726,">="&DATE(2026,4,1),Transactions!$A$2:$A$726,"<"&EDATE(DATE(2026,4,1),1)) -> 1278.47 | J8: =SUMIFS(Transactions!$D$2:$D$726,Transactions!$B$2:$B$726,$A8,Transactions!$A$2:$A$726,">="&DATE(2026,5,1),Transactions!$A$2:$A$726,"<"&EDATE(DATE(2026,5,1),1)) -> 1706.79 | K8: =SUMIFS(Transactions!$D$2:$D$726,Transactions!$B$2:$B$726,$A8,Transactions!$A$2:$A$726,">="&DATE(2026,6,1),Transactions!$A$2:$A$726,"<"&EDATE(DATE(2026,6,1),1)) -> 1353.52 | L8: =SUMIFS(Transactions!$D$2:$D$726,Transactions!$B$2:$B$726,$A8,Transactions!$A$2:$A$726,">="&DATE(2026,7,1),Transactions!$A$2:$A$726,"<"&EDATE(DATE(2026,7,1),1)) -> 1322.98 | M8: =SUMIFS(Transactions!$D$2:$D$726,Transactions!$B$2:$B$726,$A8,Transactions!$A$2:$A$726,">="&DATE(2026,8,1),Transactions!$A$2:$A$726,"<"&EDATE(DATE(2026,8,1),1)) -> 1384.16
A9: Education | B9: =SUMIFS(Transactions!$D$2:$D$726,Transactions!$B$2:$B$726,$A9,Transactions!$A$2:$A$726,">="&DATE(2025,9,1),Transactions!$A$2:$A$726,"<"&EDATE(DATE(2025,9,1),1)) -> 1826.76 | C9: =SUMIFS(Transactions!$D$2:$D$726,Transactions!$B$2:$B$726,$A9,Transactions!$A$2:$A$726,">="&DATE(2025,10,1),Transactions!$A$2:$A$726,"<"&EDATE(DATE(2025,10,1),1)) -> 1536.92 | D9: =SUMIFS(Transactions!$D$2:$D$726,Transactions!$B$2:$B$726,$A9,Transactions!$A$2:$A$726,">="&DATE(2025,11,1),Transactions!$A$2:$A$726,"<"&EDATE(DATE(2025,11,1),1)) -> 2360.16 | E9: =SUMIFS(Transactions!$D$2:$D$726,Transactions!$B$2:$B$726,$A9,Transactions!$A$2:$A$726,">="&DATE(2025,12,1),Transactions!$A$2:$A$726,"<"&EDATE(DATE(2025,12,1),1)) -> 1822.65 | F9: =SUMIFS(Transactions!$D$2:$D$726,Transactions!$B$2:$B$726,$A9,Transactions!$A$2:$A$726,">="&DATE(2026,1,1),Transactions!$A$2:$A$726,"<"&EDATE(DATE(2026,1,1),1)) -> 1341.74 | G9: =SUMIFS(Transactions!$D$2:$D$726,Transactions!$B$2:$B$726,$A9,Transactions!$A$2:$A$726,">="&DATE(2026,2,1),Transactions!$A$2:$A$726,"<"&EDATE(DATE(2026,2,1),1)) -> 2814.45 | H9: =SUMIFS(Transactions!$D$2:$D$726,Transactions!$B$2:$B$726,$A9,Transactions!$A$2:$A$726,">="&DATE(2026,3,1),Transactions!$A$2:$A$726,"<"&EDATE(DATE(2026,3,1),1)) -> 1337.38 | I9: =SUMIFS(Transactions!$D$2:$D$726,Transactions!$B$2:$B$726,$A9,Transactions!$A$2:$A$726,">="&DATE(2026,4,1),Transactions!$A$2:$A$726,"<"&EDATE(DATE(2026,4,1),1)) -> 885.08 | J9: =SUMIFS(Transactions!$D$2:$D$726,Transactions!$B$2:$B$726,$A9,Transactions!$A$2:$A$726,">="&DATE(2026,5,1),Transactions!$A$2:$A$726,"<"&EDATE(DATE(2026,5,1),1)) -> 1017.64 | K9: =SUMIFS(Transactions!$D$2:$D$726,Transactions!$B$2:$B$726,$A9,Transactions!$A$2:$A$726,">="&DATE(2026,6,1),Transactions!$A$2:$A$726,"<"&EDATE(DATE(2026,6,1),1)) -> 1249.91 | L9: =SUMIFS(Transactions!$D$2:$D$726,Transactions!$B$2:$B$726,$A9,Transactions!$A$2:$A$726,">="&DATE(2026,7,1),Transactions!$A$2:$A$726,"<"&EDATE(DATE(2026,7,1),1)) -> 1151.43 | M9: =SUMIFS(Transactions!$D$2:$D$726,Transactions!$B$2:$B$726,$A9,Transactions!$A$2:$A$726,">="&DATE(2026,8,1),Transactions!$A$2:$A$726,"<"&EDATE(DATE(2026,8,1),1)) -> 1388.82
A10: Monthly Total | B10: =SUM(B2:B9) -> 11953.2 | C10: =SUM(C2:C9) -> 10205.31 | D10: =SUM(D2:D9) -> 11112.61 | E10: =SUM(E2:E9) -> 10432.42 | F10: =SUM(F2:F9) -> 14061.26 | G10: =SUM(G2:G9) -> 10754.2 | H10: =SUM(H2:H9) -> 10717.12 | I10: =SUM(I2:I9) -> 11492.68 | ... M10: =SUM(M2:M9) -> 10605.05
